source,target,tgt_lng
Scaled Dot-Product Attention,縮放點積注意力,
Multi-Head Attention,多頭注意力,
compatibility function,相容性函數,
query,查詢,
key,鍵,
value,值,
softmax function,softmax 函數,
additive attention,加法注意力,
dot-product attention,點積注意力,
multiplicative attention,乘法注意力,
scaling factor,縮放因子,
feed-forward network,前饋網路,
hidden layer,隱藏層,
theoretical complexity,理論複雜度,
matrix multiplication,矩陣乘法,
gradients,梯度,
linear projections,線性投影,
Transformer,Transformer,
self-attention,自注意力機制,
point-wise,逐點,
fully connected layers,全連接層,
encoder,編碼器,
decoder,解碼器,
multi-head self-attention mechanism,多頭自注意力機制,
position-wise fully connected feed-forward network,逐位置全連接前饋網路,
residual connection,殘差連接,
layer normalization,層歸一化,
embedding layers,嵌入層,
masking,遮罩,
key-value pairs,鍵值對,
